{
  "info": {
    "name": "中央实验室基地右上",
    "type": "collect",
    "author": "cy",
    "version": "1.0",
    "description": "",
    "bgiVersion": "0.35.0"
  },
  "positions": [
    {
      "id": 1,
      "action": "",
      "move_mode": "walk",
      "type": "teleport",
      "x": 3811.5703125,
      "y": 4952.625
    },
    {
      "id": 2,
      "x": 3742.47607421875,
      "y": 4930.1728515625,
      "type": "path",
      "move_mode": "run",
      "action": ""
    },
    {
      "id": 3,
      "x": 3672.125,
      "y": 4970.0595703125,
      "type": "path",
      "move_mode": "run",
      "action": "nahida_collect"
    },
    {
      "id": 4,
      "x": 3676.80029296875,
      "y": 4973.6533203125,
      "type": "path",
      "move_mode": "walk",
      "action": ""
    },
    {
      "id": 5,
      "x": 3672.3525390625,
      "y": 4971.3544921875,
      "type": "path",
      "move_mode": "walk",
      "action": ""
    },
    {
      "id": 6,
      "x": 3661.3994140625,
      "y": 4965.91650390625,
      "type": "path",
      "move_mode": "walk",
      "action": ""
    },
    {
      "id": 7,
      "x": 3674.37255859375,
      "y": 4968.0205078125,
      "type": "path",
      "move_mode": "walk",
      "action": ""
    }
  ]
}