{
  "info": {
    "name": "优蓝尼雅湖上",
    "type": "collect",
    "author": "cy",
    "version": "1.0",
    "description": "",
    "bgiVersion": "0.35.0"
  },
  "positions": [
    {
      "id": 1,
      "x": 3344.24365234375,
      "y": 3903.365478515625,
      "action": "",
      "move_mode": "walk",
      "type": "teleport"
    },
    {
      "id": 2,
      "x": 3337.7119140625,
      "y": 3879.299560546875,
      "action": "nahida_collect",
      "move_mode": "walk",
      "type": "path"
    },
    {
      "id": 3,
      "x": 3342.7109375,
      "y": 3879.373291015625,
      "action": "",
      "move_mode": "walk",
      "type": "path"
    },
    {
      "id": 4,
      "x": 3320.01171875,
      "y": 3859.587158203125,
      "action": "",
      "move_mode": "walk",
      "type": "path"
    },
    {
      "id": 5,
      "x": 3325.36474609375,
      "y": 3851.658935546875,
      "action": "nahida_collect",
      "move_mode": "walk",
      "type": "path"
    },
    {
      "id": 6,
      "x": 3328.35888671875,
      "y": 3846.3779296875,
      "action": "",
      "move_mode": "walk",
      "type": "path"
    },
    {
      "id": 7,
      "x": 3325.75634765625,
      "y": 3855.36474609375,
      "action": "",
      "move_mode": "walk",
      "type": "path"
    },
    {
      "id": 8,
      "x": 3269.361328125,
      "y": 3891.56591796875,
      "action": "",
      "move_mode": "walk",
      "type": "path"
    },
    {
      "id": 9,
      "x": 3261.3251953125,
      "y": 3905.8251953125,
      "action": "nahida_collect",
      "move_mode": "walk",
      "type": "path"
    },
    {
      "id": 10,
      "x": 3266.998046875,
      "y": 3908.14501953125,
      "action": "",
      "move_mode": "walk",
      "type": "path"
    },
    {
      "id": 11,
      "x": 3252.1669921875,
      "y": 3907.06103515625,
      "action": "",
      "move_mode": "walk",
      "type": "path"
    },
    {
      "id": 12,
      "x": 3200.14501953125,
      "y": 3931.566162109375,
      "action": "nahida_collect",
      "move_mode": "walk",
      "type": "path"
    },
    {
      "id": 13,
      "x": 3200.193359375,
      "y": 3934.829345703125,
      "action": "",
      "move_mode": "walk",
      "type": "path"
    },
    {
      "id": 14,
      "x": 3191.677734375,
      "y": 3922.840576171875,
      "action": "",
      "move_mode": "walk",
      "type": "path"
    },
    {
      "id": 15,
      "x": 3186.6083984375,
      "y": 3911.3046875,
      "action": "",
      "move_mode": "walk",
      "type": "path"
    },
    {
      "id": 16,
      "x": 3178.69091796875,
      "y": 3916.237060546875,
      "action": "",
      "move_mode": "walk",
      "type": "path"
    },
    {
      "id": 17,
      "x": 3186.90087890625,
      "y": 3927.733154296875,
      "action": "nahida_collect",
      "move_mode": "walk",
      "type": "path"
    },
    {
      "id": 18,
      "x": 3193.86474609375,
      "y": 3928.427978515625,
      "action": "",
      "move_mode": "walk",
      "type": "path"
    },
    {
      "id": 19,
      "x": 3175.421875,
      "y": 3931.18115234375,
      "action": "",
      "move_mode": "walk",
      "type": "path"
    },
    {
      "id": 20,
      "x": 3149.2333984375,
      "y": 3964.9658203125,
      "action": "nahida_collect",
      "move_mode": "walk",
      "type": "path"
    },
    {
      "id": 21,
      "x": 3154.31640625,
      "y": 3968.816162109375,
      "action": "",
      "move_mode": "walk",
      "type": "path"
    },
    {
      "id": 22,
      "x": 3145.826171875,
      "y": 3966.2578125,
      "action": "",
      "move_mode": "walk",
      "type": "path"
    }
  ]
}