{
  "info": {
    "name": "秋分山西侧北",
    "type": "collect",
    "author": "cy",
    "version": "1.0",
    "description": "",
    "bgiVersion": "0.35.0"
  },
  "positions": [
    {
      "id": 1,
      "x": 3955.03271484375,
      "y": 2869.064697265625,
      "type": "teleport",
      "move_mode": "walk",
      "action": ""
    },
    {
      "id": 2,
      "x": 3955.08349609375,
      "y": 2893.15966796875,
      "type": "path",
      "move_mode": "run",
      "action": ""
    },
    {
      "id": 3,
      "x": 3958.10693359375,
      "y": 2919.369140625,
      "type": "path",
      "move_mode": "run",
      "action": ""
    },
    {
      "id": 4,
      "x": 3940.1806640625,
      "y": 2949.135986328125,
      "type": "path",
      "move_mode": "walk",
      "action": "nahida_collect"
    },
    {
      "id": 5,
      "x": 3938.1806640625,
      "y": 2947.5,
      "type": "path",
      "move_mode": "walk",
      "action": ""
    },
    {
      "id": 6,
      "x": 3997.39208984375,
      "y": 2968.088623046875,
      "type": "path",
      "move_mode": "run",
      "action": ""
    },
    {
      "id": 7,
      "x": 3996.56103515625,
      "y": 2953.35107421875,
      "type": "path",
      "move_mode": "walk",
      "action": "nahida_collect"
    },
    {
      "id": 8,
      "x": 4000.90380859375,
      "y": 2947.75,
      "type": "path",
      "move_mode": "walk",
      "action": ""
    },
    {
      "id": 9,
      "x": 3995.92919921875,
      "y": 2952.00146484375,
      "type": "path",
      "move_mode": "walk",
      "action": ""
    },
    {
      "id": 10,
      "x": 4002.470703125,
      "y": 2954.22705078125,
      "type": "path",
      "move_mode": "walk",
      "action": ""
    },
    {
      "id": 11,
      "x": 3957.12646484375,
      "y": 2980.65380859375,
      "type": "path",
      "move_mode": "run",
      "action": ""
    },
    {
      "id": 12,
      "x": 3897.39013671875,
      "y": 2979.468017578125,
      "type": "path",
      "move_mode": "walk",
      "action": ""
    },
    {
      "id": 13,
      "x": 3895.287109375,
      "y": 3007.01318359375,
      "type": "path",
      "move_mode": "walk",
      "action": ""
    },
    {
      "id": 14,
      "x": 3905.17236328125,
      "y": 3007.191162109375,
      "type": "path",
      "move_mode": "walk",
      "action": "nahida_collect"
    },
    {
      "id": 15,
      "x": 3905.62109375,
      "y": 3003.84765625,
      "type": "path",
      "move_mode": "walk",
      "action": ""
    },
    {
      "id": 16,
      "x": 3908.416015625,
      "y": 3012.14404296875,
      "type": "path",
      "move_mode": "walk",
      "action": ""
    }
  ]
}