{
  "info": {
    "name": "新枫丹科学院左上",
    "type": "collect",
    "author": "cy",
    "version": "1.0",
    "description": "",
    "bgiVersion": "0.35.0"
  },
  "positions": [
    {
      "id": 1,
      "x": 4620,
      "y": 4936,
      "action": "",
      "move_mode": "walk",
      "type": "teleport"
    },
    {
      "id": 2,
      "x": 4608.095703125,
      "y": 5017.7724609375,
      "action": "nahida_collect",
      "move_mode": "walk",
      "type": "path"
    },
    {
      "id": 3,
      "x": 4610.53369140625,
      "y": 5025.0087890625,
      "action": "",
      "move_mode": "walk",
      "type": "path"
    },
    {
      "id": 4,
      "x": 4608.92431640625,
      "y": 5026.3916015625,
      "action": "",
      "move_mode": "walk",
      "type": "path"
    },
    {
      "id": 5,
      "x": 4607.1689453125,
      "y": 5011.61181640625,
      "action": "",
      "move_mode": "walk",
      "type": "path"
    },
    {
      "id": 6,
      "x": 4612.1689453125,
      "y": 5023.611816406247,
      "type": "path",
      "move_mode": "walk",
      "action": ""
    }
  ]
}